[
    {
        "domain": ".oab.org.br",
        "expiry": 1637679005,
        "httpOnly": false,
        "name": "_gcl_au",
        "path": "/",
        "sameSite": "None",
        "secure": false,
        "value": "1.1.1744772733.1629903005"
    },
    {
        "domain": ".oab.org.br",
        "expiry": 1629903065,
        "httpOnly": false,
        "name": "_gat",
        "path": "/",
        "sameSite": "None",
        "secure": false,
        "value": "1"
    },
    {
        "domain": ".oab.org.br",
        "expiry": 1629903073,
        "httpOnly": false,
        "name": "_gat_gtag_UA_442219_29",
        "path": "/",
        "sameSite": "None",
        "secure": false,
        "value": "1"
    },
    {
        "domain": ".oab.org.br",
        "expiry": 1629903074,
        "httpOnly": false,
        "name": "_gat_gtag_UA_442219_28",
        "path": "/",
        "sameSite": "None",
        "secure": false,
        "value": "1"
    },
    {
        "domain": ".oab.org.br",
        "expiry": 1637679027,
        "httpOnly": false,
        "name": "_fbp",
        "path": "/",
        "sameSite": "None",
        "secure": false,
        "value": "fb.2.1629903005087.602464029"
    },
    {
        "domain": ".oab.org.br",
        "expiry": 1692975028,
        "httpOnly": false,
        "name": "_ga",
        "path": "/",
        "sameSite": "None",
        "secure": false,
        "value": "GA1.3.2015399892.1629903006"
    },
    {
        "domain": ".oab.org.br",
        "expiry": 1629989428,
        "httpOnly": false,
        "name": "_gid",
        "path": "/",
        "sameSite": "None",
        "secure": false,
        "value": "GA1.3.1527795042.1629903006"
    }
]