[
    {
        "domain": ".oab.org.br",
        "expiry": 1637679005,
        "httpOnly": false,
        "name": "_gcl_au",
        "path": "/",
        "sameSite": "None",
        "secure": false,
        "value": "1.1.1744772733.1629903005"
    },
    {
        "domain": ".oab.org.br",
        "expiry": 1629903065,
        "httpOnly": false,
        "name": "_gat",
        "path": "/",
        "sameSite": "None",
        "secure": false,
        "value": "1"
    },
    {
        "domain": ".oab.org.br",
        "expiry": 1629903073,
        "httpOnly": false,
        "name": "_gat_gtag_UA_442219_29",
        "path": "/",
        "sameSite": "None",
        "secure": false,
        "value": "1"
    },
    {
        "domain": ".oab.org.br",
        "expiry": 1629903074,
        "httpOnly": false,
        "name": "_gat_gtag_UA_442219_28",
        "path": "/",
        "sameSite": "None",
        "secure": false,
        "value": "1"
    },
    {
        "domain": ".oab.org.br",
        "expiry": 1629903090,
        "httpOnly": false,
        "name": "_gat_gtag_UA_442219_30",
        "path": "/",
        "sameSite": "None",
        "secure": false,
        "value": "1"
    },
    {
        "domain": "centraleventos.oab.org.br",
        "httpOnly": true,
        "name": "__RequestVerificationToken",
        "path": "/",
        "sameSite": "None",
        "secure": false,
        "value": "K2EFGVnJPKOWkn99eL7_Y-YR8coC6htqpV8P7WO-t0Rhmc-MoTwkdshDTo5sYrkS3fvko624AlW9Fl3d1oUwYVA0seU1"
    },
    {
        "domain": ".oab.org.br",
        "expiry": 1692975038,
        "httpOnly": false,
        "name": "_ga",
        "path": "/",
        "sameSite": "None",
        "secure": false,
        "value": "GA1.3.2015399892.1629903006"
    },
    {
        "domain": ".oab.org.br",
        "expiry": 1629989438,
        "httpOnly": false,
        "name": "_gid",
        "path": "/",
        "sameSite": "None",
        "secure": false,
        "value": "GA1.3.1527795042.1629903006"
    },
    {
        "domain": ".oab.org.br",
        "expiry": 1637679038,
        "httpOnly": false,
        "name": "_fbp",
        "path": "/",
        "sameSite": "None",
        "secure": false,
        "value": "fb.2.1629903005087.602464029"
    }
]