[
    {
        "domain": ".oab.org.br",
        "expiry": 1637679005,
        "httpOnly": false,
        "name": "_fbp",
        "path": "/",
        "sameSite": "None",
        "secure": false,
        "value": "fb.2.1629903005087.602464029"
    },
    {
        "domain": ".oab.org.br",
        "expiry": 1637679005,
        "httpOnly": false,
        "name": "_gcl_au",
        "path": "/",
        "sameSite": "None",
        "secure": false,
        "value": "1.1.1744772733.1629903005"
    },
    {
        "domain": ".oab.org.br",
        "expiry": 1692975005,
        "httpOnly": false,
        "name": "_ga",
        "path": "/",
        "sameSite": "None",
        "secure": false,
        "value": "GA1.3.2015399892.1629903006"
    },
    {
        "domain": ".oab.org.br",
        "expiry": 1629989405,
        "httpOnly": false,
        "name": "_gid",
        "path": "/",
        "sameSite": "None",
        "secure": false,
        "value": "GA1.3.1527795042.1629903006"
    },
    {
        "domain": ".oab.org.br",
        "expiry": 1629903065,
        "httpOnly": false,
        "name": "_gat",
        "path": "/",
        "sameSite": "None",
        "secure": false,
        "value": "1"
    },
    {
        "domain": ".cna.oab.org.br",
        "expiry": 1692975007,
        "httpOnly": false,
        "name": "__utma",
        "path": "/",
        "sameSite": "None",
        "secure": false,
        "value": "82693700.2015399892.1629903006.1629903007.1629903007.1"
    },
    {
        "domain": ".cna.oab.org.br",
        "httpOnly": false,
        "name": "__utmc",
        "path": "/",
        "sameSite": "None",
        "secure": false,
        "value": "82693700"
    },
    {
        "domain": ".cna.oab.org.br",
        "expiry": 1645671007,
        "httpOnly": false,
        "name": "__utmz",
        "path": "/",
        "sameSite": "None",
        "secure": false,
        "value": "82693700.1629903007.1.1.utmcsr=(direct)|utmccn=(direct)|utmcmd=(none)"
    },
    {
        "domain": ".cna.oab.org.br",
        "expiry": 1629903607,
        "httpOnly": false,
        "name": "__utmt",
        "path": "/",
        "sameSite": "None",
        "secure": false,
        "value": "1"
    },
    {
        "domain": ".cna.oab.org.br",
        "expiry": 1629904807,
        "httpOnly": false,
        "name": "__utmb",
        "path": "/",
        "sameSite": "None",
        "secure": false,
        "value": "82693700.1.10.1629903007"
    }
]