[
    {
        "domain": ".modulo.com.br",
        "expiry": 1692109331,
        "httpOnly": false,
        "name": "__trf.src",
        "path": "/",
        "sameSite": "Lax",
        "secure": false,
        "value": "encoded_eyJmaXJzdF9zZXNzaW9uIjp7InZhbHVlIjoiKG5vbmUpIiwiZXh0cmFfcGFyYW1zIjp7fX0sImN1cnJlbnRfc2Vzc2lvbiI6eyJ2YWx1ZSI6Iihub25lKSIsImV4dHJhX3BhcmFtcyI6e319LCJjcmVhdGVkX2F0IjoxNjI5OTAxMzMxMTkwfQ=="
    },
    {
        "domain": ".modulo.com.br",
        "expiry": 1692973332,
        "httpOnly": false,
        "name": "_ga",
        "path": "/",
        "sameSite": "None",
        "secure": false,
        "value": "GA1.3.1814875864.1629901332"
    },
    {
        "domain": ".modulo.com.br",
        "expiry": 1629987732,
        "httpOnly": false,
        "name": "_gid",
        "path": "/",
        "sameSite": "None",
        "secure": false,
        "value": "GA1.3.1550366198.1629901332"
    },
    {
        "domain": ".modulo.com.br",
        "expiry": 1629901392,
        "httpOnly": false,
        "name": "_gat_gtag_UA_8824181_2",
        "path": "/",
        "sameSite": "None",
        "secure": false,
        "value": "1"
    }
]