[
    {
        "domain": ".oab.org.br",
        "expiry": 1637679005,
        "httpOnly": false,
        "name": "_gcl_au",
        "path": "/",
        "sameSite": "None",
        "secure": false,
        "value": "1.1.1744772733.1629903005"
    },
    {
        "domain": ".oab.org.br",
        "expiry": 1629903065,
        "httpOnly": false,
        "name": "_gat",
        "path": "/",
        "sameSite": "None",
        "secure": false,
        "value": "1"
    },
    {
        "domain": ".oab.org.br",
        "expiry": 1629903073,
        "httpOnly": false,
        "name": "_gat_gtag_UA_442219_29",
        "path": "/",
        "sameSite": "None",
        "secure": false,
        "value": "1"
    },
    {
        "domain": ".oab.org.br",
        "expiry": 1629903074,
        "httpOnly": false,
        "name": "_gat_gtag_UA_442219_28",
        "path": "/",
        "sameSite": "None",
        "secure": false,
        "value": "1"
    },
    {
        "domain": ".oab.org.br",
        "expiry": 1629903090,
        "httpOnly": false,
        "name": "_gat_gtag_UA_442219_30",
        "path": "/",
        "sameSite": "None",
        "secure": false,
        "value": "1"
    },
    {
        "domain": ".oab.org.br",
        "expiry": 1692975038,
        "httpOnly": false,
        "name": "_ga",
        "path": "/",
        "sameSite": "None",
        "secure": false,
        "value": "GA1.3.2015399892.1629903006"
    },
    {
        "domain": ".oab.org.br",
        "expiry": 1629989438,
        "httpOnly": false,
        "name": "_gid",
        "path": "/",
        "sameSite": "None",
        "secure": false,
        "value": "GA1.3.1527795042.1629903006"
    },
    {
        "domain": ".oab.org.br",
        "expiry": 1637679040,
        "httpOnly": false,
        "name": "_fbp",
        "path": "/",
        "sameSite": "None",
        "secure": false,
        "value": "fb.2.1629903005087.602464029"
    },
    {
        "domain": "www1.oab.org.br",
        "httpOnly": true,
        "name": "ASP.NET_SessionId",
        "path": "/",
        "sameSite": "Lax",
        "secure": false,
        "value": "pn1v2qk2uhgwvg1k0ga20fkb"
    },
    {
        "domain": "www1.oab.org.br",
        "httpOnly": true,
        "name": "__RequestVerificationToken_L0xvZ2lu0",
        "path": "/",
        "sameSite": "None",
        "secure": false,
        "value": "Da6uaSbj5yc6pofTDVxaKB4wXDBkW5-MIxJYpl82SuPxwVHBUn0s0EvZXAUQ1j1HezJtgNCgvIz8for7HgBdc8_SwBk1"
    }
]